EdadAge;EdadAg;Estudios;Area_conocimiento;Genero;NacionalidaddeNacimiento;P1_V1;P1_V2;P1_V3;P1_V4;P2_V1;P2_V2;P2_V3;P2_V4;P3_V1;P3_V2;P3_V3;P3_V4;P4_V1;P4_V2;P4_V3;P4_V4;P5_V1;P5_V2;P5_V3;P5_V4;P6_V1;P6_V2;P6_V3;P6_V4;P7_V1;P7_V2;P7_V3;P7_V4;P8_V1;P8_V2;P8_V3;P8_V4;P9_V1;P9_V2;P9_V3;P9_V4;P10_V1;P10_V2;P10_V3;P10_V4;P11_V1;P11_V2;P11_V3;P11_V4;P12_V1;P12_V2;P12_V3;P12_V4;P13_V1;P13_V2;P13_V3;P13_V4;P14_V1;P14_V2;P14_V3;P14_V4;P15_V1;P15_V2;P15_V3;P15_V4;P16_V1;P16_V2;P16_V3;P16_V4;P17_V1;P17_V2;P17_V3;P17_V4;P18_V1;P18_V2;P18_V3;P18_V4;P19_V1;P19_V2;P19_V3;P19_V4;P20_V1;P20_V2;P20_V3;P20_V4
22;1;2;1;0;Chile / Chile;1;0;1;0;1;1;1;1;1;1;0;0;0;0;1;1;1;1;1;1;1;1;0;0;0;0;0;0;1;1;1;1;1;1;1;1;0;0;1;1;0;0;1;1;1;1;1;1;1;1;0;0;0;1;0;1;1;1;0;0;1;1;1;1;1;1;1;1;1;1;1;1;1;1;1;1;0;1;1;0
43;3;1;1;0;Chile / Chile;0;0;1;1;0;0;0;0;0;0;0;0;0;0;0;0;1;1;0;0;1;1;0;0;0;0;0;0;0;0;0;0;0;1;1;0;0;0;0;0;0;0;0;0;0;0;0;0;0;0;0;0;0;0;1;0;0;0;0;0;0;0;1;1;0;0;0;0;0;1;0;0;0;0;0;0;0;0;0;0
33;2;1;1;0;Chile / Chile;1;0;1;0;0;1;1;0;0;0;1;1;1;1;1;1;1;1;1;1;1;1;1;1;1;1;1;1;1;1;1;1;1;1;1;1;0;0;1;1;1;1;1;1;0;0;0;0;1;1;0;0;0;0;1;0;1;1;1;1;1;1;0;0;1;1;0;0;1;0;0;1;1;1;1;1;0;1;1;0
32;2;1;1;0;Chile / Chile;1;1;1;1;1;1;1;1;1;1;1;1;1;1;1;1;0;0;1;1;1;1;1;1;0;0;0;1;1;0;1;0;1;0;0;1;0;0;1;1;0;0;1;1;1;1;1;1;0;0;0;0;0;1;1;0;1;1;1;1;1;1;1;1;1;1;1;1;0;0;0;0;1;1;0;0;0;0;1;1
41;3;1;1;0;Chile / Chile;1;0;1;0;1;1;1;1;0;0;1;1;1;1;0;0;1;1;1;1;1;1;1;1;0;1;0;1;0;1;0;0;1;0;0;1;1;1;1;1;1;1;1;1;1;1;1;1;1;1;0;0;1;1;0;0;1;1;1;1;0;0;0;0;1;1;1;1;1;0;1;0;0;0;0;0;0;0;1;0
26;1;2;1;0;Chile / Chile;1;0;0;0;1;1;1;1;0;0;0;0;1;1;1;1;1;1;1;1;1;1;1;1;0;0;0;0;0;1;0;1;0;1;1;0;1;1;1;1;1;1;1;1;1;1;0;0;0;0;0;0;1;1;1;1;1;0;0;1;0;0;0;0;0;0;0;0;1;0;0;0;1;1;0;0;1;1;1;1
32;2;2;1;0;Chile / Chile;0;0;0;0;1;1;1;1;1;1;1;1;1;1;1;1;0;0;1;1;1;1;1;1;0;0;0;0;1;1;1;1;1;0;0;1;1;1;0;0;1;1;1;1;1;1;1;1;0;0;0;0;0;1;0;1;1;1;1;1;1;1;1;1;1;1;0;0;1;0;1;0;1;0;0;0;0;1;1;0
30;2;2;1;0;Chile / Chile;1;1;1;1;1;1;1;1;1;1;1;1;1;1;0;0;0;0;0;0;1;1;1;1;1;1;1;1;1;1;1;1;1;1;1;1;0;0;0;0;0;1;0;0;0;0;1;1;1;1;0;0;0;0;0;0;1;1;1;1;1;1;1;1;0;0;0;0;1;0;0;0;1;1;0;0;0;1;1;0
24;1;1;1;0;Chile / Chile;0;0;1;0;1;1;1;1;1;1;1;1;1;1;1;1;1;1;1;1;1;1;1;1;0;1;0;1;1;1;1;1;1;0;0;1;1;1;1;1;1;1;1;1;1;1;1;1;1;1;1;1;0;1;0;1;1;1;1;1;1;1;0;0;1;1;1;1;1;1;1;1;1;1;1;1;1;1;1;1
21;1;3;3;1;Espa√±a / Spain;0;0;0;0;0;0;0;0;0;0;1;1;0;1;0;1;1;0;0;1;1;1;0;0;0;1;0;1;0;0;0;0;0;0;0;0;0;0;0;0;0;0;0;0;1;1;0;0;1;1;1;1;0;1;0;1;1;0;0;1;0;1;0;0;0;0;0;1;0;0;0;0;1;1;1;1;1;1;1;1
22;1;3;3;1;Espa√±a / Spain;0;0;0;0;1;0;0;1;1;1;1;1;0;1;0;0;0;0;1;1;1;1;1;1;0;1;0;0;1;1;1;1;1;1;1;1;0;0;0;0;1;1;0;0;1;1;1;1;0;0;0;0;0;1;0;1;1;1;1;1;0;0;1;1;1;1;0;0;1;0;1;0;1;1;1;1;1;1;0;0
22;1;2;2;1;Espa√±a / Spain;1;0;0;0;1;0;0;1;0;0;1;1;0;1;0;0;1;1;1;1;1;1;1;1;0;1;1;0;0;1;0;1;1;0;0;1;0;0;1;1;0;0;1;1;0;0;0;0;0;0;0;0;0;0;1;0;1;1;1;1;0;0;0;0;1;1;0;0;1;0;0;0;0;0;1;1;0;0;0;0
23;1;2;1;0;Chile / Chile;1;1;1;1;0;0;1;0;1;1;1;1;0;0;1;1;1;1;1;1;0;0;0;0;1;0;0;0;1;0;0;0;0;0;0;1;0;0;1;1;0;1;1;0;1;1;1;1;0;0;0;0;1;0;0;1;1;1;1;1;1;1;1;1;1;1;1;1;1;1;1;1;1;1;1;1;1;0;0;1
22;1;3;2;1;Espa√±a / Spain;1;0;1;0;1;1;1;1;1;1;1;1;1;1;1;1;0;0;1;1;1;1;0;0;1;1;1;1;1;1;1;1;1;1;1;1;0;0;1;1;1;1;1;1;1;1;1;1;1;1;0;0;0;1;0;1;1;1;1;1;1;1;1;1;1;1;1;1;1;1;1;1;1;1;0;0;0;1;1;0
39;3;2;1;0;Italia / Italy;1;1;1;1;1;1;1;1;1;1;0;0;0;1;0;0;0;0;0;0;1;1;1;1;0;1;1;0;0;1;0;1;1;1;1;1;1;0;0;0;1;1;0;0;0;0;0;0;0;0;0;0;0;1;0;1;0;0;1;0;1;1;1;1;1;1;0;0;1;1;1;1;1;1;1;1;1;1;1;1
33;2;1;2;1;Espa√±a / Spain;1;0;1;0;1;1;1;1;1;1;1;1;1;1;0;0;1;1;1;1;0;1;1;0;0;1;0;0;1;0;0;0;0;0;0;0;0;0;1;1;1;1;0;0;0;0;1;1;0;0;0;0;0;1;0;1;1;1;1;1;0;0;1;1;1;1;0;0;1;0;1;0;0;1;0;1;1;1;1;1
42;3;1;1;0;Ruman√≠a / Romania;1;1;1;1;1;1;1;1;0;0;0;0;0;1;0;0;1;1;0;0;0;0;1;1;0;1;0;0;0;0;0;0;0;0;0;0;1;1;1;1;0;0;1;1;1;1;0;0;0;0;1;0;1;1;1;1;0;0;1;0;1;1;1;1;1;1;0;0;0;1;0;0;0;0;1;1;0;0;0;0
55;4;1;1;0;Italia / Italy;1;0;1;0;0;0;0;0;0;0;1;1;1;1;0;0;0;0;0;0;0;0;1;1;0;1;1;0;0;1;0;1;1;0;0;0;0;0;0;0;1;1;0;0;0;0;1;1;0;0;1;1;0;0;0;0;0;1;1;0;0;0;1;1;1;1;0;0;1;0;0;0;0;0;1;1;0;0;0;0
41;3;1;5;1;Italia / Italy;1;0;1;0;1;1;1;1;1;1;1;1;1;1;0;0;1;1;1;1;1;1;1;1;0;1;1;0;1;1;1;1;1;0;0;1;1;1;0;0;1;1;1;1;0;0;0;0;0;0;0;0;0;1;0;1;1;1;1;1;0;0;1;1;1;1;0;0;1;0;1;0;1;1;1;1;1;1;1;1
24;1;1;1;0;Chile / Chile;1;0;0;0;0;0;1;1;0;0;0;1;0;0;1;0;0;1;0;1;0;1;0;1;0;1;0;1;0;1;0;0;0;0;1;1;0;0;1;0;1;0;0;1;0;1;0;0;0;0;0;0;0;1;1;0;1;0;1;1;0;1;0;0;1;0;0;0;1;0;0;1;0;1;1;0;0;1;0;0
30;2;2;1;0;Chile / Chile;0;1;0;0;0;0;1;0;0;0;1;1;0;0;1;0;1;0;0;0;1;1;0;0;0;1;0;0;0;1;0;1;1;0;0;0;1;0;1;0;1;0;0;0;0;1;0;0;1;0;0;0;0;0;1;0;0;1;0;1;0;0;0;1;1;1;0;0;0;0;1;1;1;1;0;0;0;0;0;0
23;1;1;1;1;Argentina / Argentina;1;0;1;0;1;1;1;1;1;1;1;1;1;1;1;1;1;1;1;1;1;1;1;1;0;0;0;0;1;1;1;1;1;0;0;1;0;0;0;0;1;1;0;0;1;1;1;1;0;0;0;0;1;0;1;0;1;1;1;1;0;1;1;0;1;1;1;1;1;1;1;1;0;0;0;0;1;1;1;1
23;1;2;1;0;Chile / Chile;0;0;0;0;0;0;0;0;0;0;1;1;0;0;0;0;0;0;0;0;1;1;1;1;1;0;0;0;0;0;0;1;1;0;0;0;1;0;0;1;0;1;1;0;1;0;0;0;0;0;1;0;0;0;0;0;1;0;0;0;0;0;0;0;0;0;1;1;0;1;0;1;1;0;1;0;0;1;0;0
54;4;1;1;0;Grecia / Greece;0;0;1;1;1;1;1;0;1;0;1;0;0;1;1;0;0;1;0;0;1;0;0;0;0;1;1;0;1;0;0;1;0;1;0;0;1;0;1;0;0;0;1;0;0;1;0;0;0;0;0;1;0;0;0;1;1;1;0;1;0;1;0;0;0;0;0;1;0;1;0;0;0;1;0;0;0;0;0;1
25;1;1;1;0;Chile / Chile;0;0;0;0;0;0;1;0;1;0;0;0;1;1;1;1;0;1;0;0;1;1;0;0;1;0;1;0;1;0;0;0;0;0;0;0;0;0;0;0;0;0;0;0;0;1;0;0;1;0;1;0;0;0;1;0;1;1;1;1;1;0;0;0;1;1;0;0;1;0;0;0;1;1;1;1;0;0;0;1
43;3;1;1;0;Chile / Chile;1;1;0;0;1;0;1;0;1;0;0;0;0;0;1;0;1;1;0;0;1;1;0;0;0;1;0;1;0;1;0;1;1;0;0;1;1;0;0;0;0;1;0;0;0;1;0;0;1;1;0;0;0;0;1;0;0;0;1;0;1;0;1;0;1;1;0;0;1;0;1;0;0;1;0;0;0;0;0;1
30;2;2;1;0;Chile / Chile;1;0;0;1;0;0;1;0;1;0;1;1;0;0;1;1;0;1;1;1;1;1;1;0;0;1;0;0;0;1;0;1;1;0;0;0;1;1;1;0;0;0;1;0;0;1;0;0;1;1;0;1;1;0;1;0;1;1;1;1;1;0;0;1;1;1;0;0;1;1;1;0;1;0;0;0;0;1;1;0
27;1;2;1;0;Chile / Chile;0;0;0;0;0;1;1;1;1;1;1;1;0;0;1;1;1;1;1;1;0;0;0;0;0;1;0;0;1;0;1;1;1;0;0;1;1;0;1;1;0;1;0;0;1;0;0;1;0;0;0;0;1;1;0;1;1;0;1;1;0;1;0;0;1;1;1;0;1;1;1;0;1;1;1;0;1;1;1;0
38;2;1;1;0;Venezuela / Venezuela;1;0;0;1;1;0;0;1;0;0;0;0;0;0;1;0;1;1;1;1;0;0;0;1;0;1;0;0;1;1;1;1;0;0;0;0;1;0;0;0;0;1;0;0;0;0;0;0;0;0;0;0;1;0;1;0;0;1;0;0;0;0;0;1;1;0;1;0;1;1;0;0;1;1;0;0;1;1;0;0
31;2;1;4;0;Chile / Chile;0;0;0;0;0;1;1;1;1;0;1;0;0;0;1;1;0;0;0;0;0;0;0;0;1;0;0;0;1;0;0;1;0;0;0;1;0;0;1;0;0;1;0;0;0;1;0;0;0;1;0;1;1;0;0;0;1;1;0;1;0;0;0;1;0;1;0;0;0;0;0;0;1;0;0;0;0;1;0;0
24;1;2;1;0;Chile / Chile;1;1;1;1;1;1;1;1;1;1;0;1;1;0;0;0;0;0;0;1;1;1;1;1;0;1;0;1;0;1;1;1;1;0;0;1;1;0;0;0;1;0;0;0;0;1;1;1;1;1;0;1;0;0;1;0;1;0;1;1;0;1;1;1;1;0;0;0;1;1;1;0;1;1;1;1;0;1;1;1
36;2;1;2;0;Chile / Chile;1;0;1;0;1;1;1;1;1;1;0;0;0;1;1;1;0;0;1;1;1;1;1;0;0;1;0;0;0;1;0;1;1;1;0;1;1;0;1;0;0;1;0;0;1;1;0;0;1;1;0;0;1;0;0;0;0;1;1;1;1;0;0;1;1;1;0;1;1;1;1;0;1;1;0;0;0;1;1;1
37;2;1;1;0;Chile / Chile;1;1;1;1;1;1;1;1;0;0;1;1;1;1;1;1;1;1;1;1;1;1;1;1;0;1;0;0;1;1;1;1;1;1;1;1;0;0;1;1;1;1;1;1;1;1;1;1;1;1;0;0;1;1;1;1;1;1;1;1;1;1;1;1;1;1;1;1;1;1;1;1;1;1;1;1;1;1;1;1
21;1;3;2;1;Espa√±a / Spain;1;0;0;0;1;0;0;1;1;1;1;1;0;0;0;0;0;0;1;1;0;0;0;0;0;1;0;0;0;1;0;1;0;0;0;0;0;0;0;0;1;1;0;0;0;0;0;0;0;0;0;0;0;0;1;0;1;1;1;1;0;0;0;0;1;1;0;0;0;0;0;0;1;1;0;0;1;1;0;0
23;1;2;1;0;Chile / Chile;0;0;0;1;1;1;1;1;1;1;1;1;0;0;1;1;0;0;1;1;1;1;0;0;0;1;0;1;1;1;1;1;0;0;0;0;0;0;1;1;0;0;0;0;1;1;1;1;0;1;0;0;1;0;0;0;1;1;1;1;1;1;1;1;1;1;0;0;1;0;1;0;1;1;0;0;0;0;1;1
40;3;1;1;0;Chile / Chile;1;0;1;0;1;1;1;1;1;1;1;1;1;1;1;1;1;1;1;1;1;1;0;0;0;1;0;1;1;1;1;1;0;0;1;0;0;0;1;1;1;1;1;1;1;1;0;0;1;1;0;0;1;0;1;0;1;1;1;1;0;0;0;1;1;0;0;0;1;1;1;0;1;1;1;1;1;1;1;1
45;3;1;1;0;Espa√±a / Spain;1;0;1;0;1;0;1;1;1;1;1;1;0;0;1;1;1;0;1;1;0;1;1;0;0;1;0;0;1;1;1;1;0;0;0;1;0;0;1;0;0;1;0;1;0;0;1;0;0;0;0;0;1;1;0;0;1;1;0;0;0;1;0;1;0;1;0;0;1;0;1;1;0;1;0;1;0;1;0;0
36;2;1;5;0;Chile / Chile;1;0;0;0;1;0;1;0;1;0;1;0;0;0;1;0;0;0;0;1;1;0;1;0;0;1;0;0;0;0;1;1;0;0;0;1;0;0;1;0;0;1;1;0;0;1;0;0;0;1;0;0;1;1;0;0;1;1;0;1;0;0;0;1;1;1;0;0;1;1;1;0;1;0;0;0;0;0;1;0
24;1;3;5;1;Chile / Chile;1;0;1;0;1;1;1;1;1;1;0;0;1;1;1;1;0;0;1;1;1;1;1;1;0;1;0;1;1;1;1;1;0;0;1;1;1;0;1;0;1;1;0;0;0;0;0;0;1;1;0;0;1;1;1;1;1;1;1;1;1;1;1;1;1;1;1;1;1;0;0;0;1;0;1;0;0;1;1;0
23;1;2;1;0;Chile / Chile;1;0;1;0;1;1;1;1;1;1;1;1;0;0;0;0;1;1;0;0;1;1;1;1;0;1;1;0;1;1;1;1;1;0;0;1;0;0;1;1;1;1;0;0;1;1;0;0;1;1;0;0;0;1;0;1;1;1;1;1;1;1;1;1;1;1;1;1;1;1;1;1;1;1;1;1;1;1;1;1
21;1;3;2;1;Espa√±a / Spain;0;0;1;0;0;0;1;0;1;1;1;1;0;0;1;1;0;0;1;1;1;1;1;1;0;0;0;0;1;1;1;1;1;0;0;1;1;1;1;1;1;1;0;0;1;1;1;1;1;1;0;0;0;1;0;1;1;0;0;1;1;1;1;1;1;1;1;1;1;1;1;1;0;1;1;1;0;1;1;1
48;3;1;1;0;Chile / Chile;1;1;0;0;1;0;0;1;0;0;1;1;0;0;1;1;1;1;1;1;1;1;1;0;0;1;1;1;1;1;1;1;0;0;0;0;1;1;1;1;1;1;1;1;1;1;1;0;0;1;1;0;1;0;0;1;1;1;0;1;1;1;0;1;1;0;0;0;1;0;1;0;0;0;1;1;0;1;1;1
18;1;4;4;1;Turqu√≠a / Turkey;1;0;0;0;0;0;1;1;1;0;1;1;0;0;0;1;0;0;0;1;1;0;0;0;0;1;0;0;1;1;0;0;1;0;0;0;1;0;0;0;0;1;1;0;1;1;1;0;0;1;0;1;1;0;1;0;1;1;1;1;1;0;0;1;1;1;0;0;1;0;1;0;0;1;1;1;0;1;1;0
19;1;4;1;1;Turqu√≠a / Turkey;1;0;0;1;1;1;1;1;1;0;0;0;0;0;1;1;0;0;0;0;1;1;0;1;0;0;0;1;0;1;0;1;0;0;0;0;0;0;0;1;0;0;1;0;1;1;0;1;0;1;0;0;0;1;1;1;1;0;0;1;0;0;0;1;0;0;0;0;0;1;0;1;0;0;0;0;0;1;0;1
40;3;1;1;0;Chile / Chile;1;0;0;0;1;1;1;1;1;1;1;1;1;1;0;0;0;0;1;1;0;0;1;1;0;1;0;0;0;1;0;1;1;0;0;1;0;0;0;0;1;1;0;0;0;0;1;1;0;0;0;0;0;0;0;0;0;1;1;0;0;0;1;1;1;1;0;0;1;0;1;0;0;0;1;1;0;1;0;0
54;4;1;2;1;Bolivia / Bolivia;1;0;1;0;0;1;1;1;1;1;0;0;1;0;1;0;1;1;1;1;0;1;1;0;0;1;0;1;0;1;0;1;1;0;0;1;1;0;0;1;0;1;0;1;1;0;1;0;0;0;0;0;0;1;1;0;1;1;1;0;0;0;0;0;1;1;0;0;0;0;1;0;1;0;0;0;0;0;0;0
21;1;2;2;1;Espa√±a / Spain;0;0;0;0;1;0;0;1;1;0;1;0;0;0;1;1;1;1;0;0;0;1;0;0;0;1;0;1;1;0;0;1;1;0;0;0;1;0;1;0;0;1;0;1;0;1;0;0;0;0;1;0;0;1;0;0;0;1;0;1;0;0;1;0;1;1;0;0;0;1;0;0;1;1;0;0;0;0;1;1
53;4;2;2;1;Espa√±a / Spain;0;0;1;1;1;1;1;0;1;0;0;0;0;0;1;0;1;0;1;0;1;0;0;0;0;1;0;1;1;0;1;0;0;0;1;0;0;0;1;1;0;1;0;0;0;1;0;0;0;1;0;0;0;0;0;0;1;1;0;1;0;1;0;1;0;1;0;1;0;0;0;0;1;1;0;0;0;0;1;0
25;1;4;2;1;Espa√±a / Spain;1;1;1;1;0;0;0;0;0;0;0;0;0;0;0;0;0;0;1;1;0;0;1;1;1;0;1;0;1;1;1;1;0;0;0;1;0;0;1;0;0;0;0;1;1;0;0;0;0;1;0;0;0;0;0;0;1;0;0;0;1;1;0;0;0;0;1;1;0;0;0;0;0;1;0;0;0;0;1;0
22;1;4;2;1;Espa√±a / Spain;1;0;1;1;1;1;0;1;1;0;1;0;0;0;1;0;1;0;0;1;1;1;0;0;0;1;0;1;1;1;1;1;0;0;1;1;0;0;1;0;0;1;0;0;0;1;0;0;0;1;0;0;0;0;0;0;1;0;1;1;0;0;1;1;1;1;0;0;1;0;0;0;0;1;0;1;0;1;1;0
24;1;4;2;1;Espa√±a / Spain;1;0;0;0;1;1;1;0;1;0;1;1;0;0;1;1;0;1;1;0;1;1;1;0;0;1;0;0;1;0;1;1;1;0;0;1;0;0;0;0;1;1;1;0;0;1;0;0;1;1;0;0;1;0;0;1;1;1;1;1;0;1;1;0;1;1;0;0;1;1;1;0;0;1;0;0;0;1;0;1
22;1;4;3;1;Espa√±a / Spain;0;0;0;0;1;1;1;1;1;1;1;1;0;0;1;0;1;1;1;1;1;0;0;0;0;0;0;0;0;1;0;1;1;0;0;1;1;0;0;0;0;1;0;0;1;1;1;0;0;0;0;0;1;0;0;0;1;1;0;1;0;1;0;1;0;1;1;1;0;0;0;0;1;1;0;0;0;1;0;1
24;1;4;2;1;Espa√±a / Spain;0;0;0;0;1;1;1;1;0;0;0;0;0;0;0;0;1;1;1;1;0;1;0;0;0;1;1;0;0;1;0;1;0;0;0;1;0;0;1;0;0;0;0;0;0;0;1;0;0;0;1;0;1;0;1;1;1;0;0;1;0;0;1;1;0;0;0;0;0;1;0;0;1;1;0;0;1;0;0;0
20;1;3;2;1;Espa√±a / Spain;0;1;0;1;0;1;1;0;1;0;1;0;0;0;1;0;0;0;1;1;1;1;0;0;0;1;1;1;1;1;1;1;0;0;0;0;1;0;1;1;1;1;1;0;1;1;0;0;1;1;0;0;1;0;0;0;1;1;1;1;1;0;0;0;1;1;1;1;0;0;0;1;1;1;0;0;0;1;0;0
21;1;3;2;1;Espa√±a / Spain;0;0;1;0;0;0;1;0;1;0;0;0;0;1;1;1;1;1;0;0;0;0;1;1;0;1;0;1;1;1;1;1;0;0;0;1;0;0;0;1;0;1;0;0;1;0;1;0;1;1;0;0;0;1;0;0;1;1;1;1;0;1;0;1;0;0;1;0;0;0;0;1;1;1;0;0;1;1;1;0
22;1;3;3;1;Espa√±a / Spain;1;0;1;0;1;1;1;1;1;1;1;1;0;1;1;1;0;1;1;1;1;1;1;1;1;1;0;1;1;1;1;0;1;0;1;1;1;0;1;1;1;1;0;1;1;0;1;0;1;1;0;0;1;1;1;1;1;1;1;1;1;1;0;0;1;1;0;0;1;0;1;0;1;1;0;0;1;1;1;1
22;1;4;2;1;Espa√±a / Spain;0;0;0;1;0;0;1;0;1;1;1;1;1;1;1;1;1;1;1;1;1;1;1;1;0;1;0;1;1;1;1;1;1;0;0;1;0;0;1;1;1;1;1;1;1;1;1;1;1;1;0;0;1;1;1;1;1;1;1;1;1;1;1;1;1;1;0;0;1;0;0;1;1;0;0;0;1;1;1;1
20;1;2;1;1;Espa√±a / Spain;1;0;0;0;0;0;1;1;1;1;0;1;0;0;1;0;1;0;1;1;0;0;0;1;0;1;0;0;0;1;0;0;0;0;0;1;0;0;1;0;1;0;0;1;0;0;0;1;0;0;0;1;0;1;0;0;1;0;1;1;1;1;0;1;1;0;0;0;1;0;0;0;0;1;0;0;0;1;0;0
22;1;3;3;1;Espa√±a / Spain;0;1;1;1;1;0;0;1;1;0;1;0;0;1;1;1;0;0;1;0;0;1;0;0;0;1;0;0;0;0;0;1;0;0;0;1;1;0;0;0;1;1;0;0;0;1;0;0;1;0;0;0;1;0;0;0;0;1;1;0;0;0;0;1;1;1;0;0;0;0;1;0;0;1;0;1;1;1;0;0
21;1;2;1;1;Espa√±a / Spain;1;1;1;0;0;0;1;1;1;0;0;1;0;0;1;0;0;0;1;1;1;1;0;0;0;1;0;0;0;0;1;1;0;0;0;1;1;0;1;0;1;1;0;0;0;0;1;0;0;1;0;0;1;1;0;0;1;1;1;1;0;0;0;1;0;1;0;0;1;0;0;0;0;1;0;0;0;1;0;1
22;1;2;2;1;Espa√±a / Spain;1;1;1;0;1;1;0;1;1;1;1;1;0;0;1;0;1;0;1;1;1;1;0;0;0;0;0;1;1;0;1;1;1;0;1;1;1;1;0;0;1;1;0;0;0;0;1;0;1;1;0;0;1;1;0;0;1;1;1;1;0;1;1;0;1;1;1;1;1;0;1;0;1;1;0;1;1;1;1;1